review_text,sentiment
"I love this product!",positive
"Terrible, will not buy again.",negative
"Great quality and fast shipping.",positive
"Very disappointed, it broke after one use.",negative
"Best purchase I made this year!",positive
"Would not recommend to anyone.",negative
"Fantastic! Exceeded my expectations.",positive
"Very poor quality, waste of money.",negative
"Absolutely amazing, exceeded all my expectations!",positive
"Do not buy, it’s a scam!",negative
"Love the color and design. Perfect gift!",positive
"Arrived damaged, very frustrating.",negative
"I’ve used it for months now and it’s still great.",positive
"Not worth the price at all.",negative
"Highly recommend this product to everyone!",positive
"Never buying from this brand again.",negative
"Perfect size and great for everyday use.",positive
"Completely unreliable, don’t waste your time.",negative
"Top-notch quality, I’m very impressed.",positive
"Poor customer service, not helpful at all.",negative
"Would definitely buy again. Very happy with it.",positive
"Utterly disappointed with this product.",negative
"Best item I’ve purchased in a long time.",positive
"Product doesn’t match description at all.",negative
"Impressive, will definitely buy more.",positive
"Flimsy and broke after one use.",negative
"Absolutely love it, so happy with my purchase!",positive
"Would never recommend this to anyone.",negative
"Great value for the price.",positive
"Terrible, completely useless.",negative
"Best purchase I’ve made in a while.",positive
"Very bad quality, wouldn’t recommend.",negative
"Perfect fit and works great.",positive
"Didn’t work as expected, very disappointing.",negative
"Great addition to my collection!",positive
"Absolutely awful experience with this product.",negative
"Wonderful! Worth every penny.",positive
"Regret buying this, such a waste.",negative
"Exceeded all my expectations, will buy again!",positive
"Absolutely the worst purchase I’ve made.",negative
"Fantastic product, highly recommend!",positive
"Poorly made, broke in two days.",negative
"Impressed with the quality for the price.",positive
"Completely unreliable, do not trust.",negative
"Very durable and functional, love it!",positive
"Not as expected, very disappointed.",negative
"Perfect! Exactly what I wanted.",positive
"Horrible product, very dissatisfied.",negative
"Excellent product, definitely recommend.",positive
"Don’t buy it, it’s a waste of money.",negative
"Love everything about it, highly recommend.",positive
"Very poor, not worth it at all.",negative
"One of the best purchases I’ve made.",positive
"Returned it immediately, worst quality.",negative
"Exceeded expectations, love it!",positive
"Wouldn’t even give this product away, it’s that bad.",negative
"Good value for the price.",positive
"Product doesn’t work at all, disappointed.",negative
"Wonderful product, I’m very happy.",positive
"Extremely unreliable, wouldn’t trust it.",negative
"Absolutely perfect! Just what I needed.",positive
"Would not recommend this to anyone.",negative
"Great product, will buy again.",positive
"Very disappointing, expected better.",negative
"Exactly what I was looking for, love it!",positive
"Not as described, very unhappy.",negative
"Really good quality, very pleased.",positive
"Terrible service and poor quality.",negative
"Best purchase in months, very satisfied.",positive
"Do not waste your money on this.",negative
"Super happy with the purchase, great quality.",positive
"Product broke the first time I used it.",negative
"Excellent, works as advertised.",positive
"Never buying from here again.",negative
"Very pleased with the product, exceeded my expectations.",positive
"Awful product, it’s useless.",negative
"Great item, highly recommend.",positive
"Very poor performance, regret buying.",negative
"Love this, it works perfectly!",positive
"Didn’t last long, completely disappointed.",negative
"Definitely worth the price, will buy again.",positive
"Product is a scam, don’t trust.",negative
"Really happy with the product, does exactly what I need.",positive
"Terrible quality, would not recommend.",negative
"Perfect for everyday use, very durable.",positive
"Regret buying, very unhappy.",negative
"Exactly as described, love it!",positive
"Horrible product, don’t waste your time.",negative
"Great quality and value for money.",positive
"Very bad experience, never buying again.",negative
"Super impressed with the quality, highly recommend!",positive
"Not good at all, do not buy.",negative
"Excellent quality, definitely recommend.",positive
"Not worth the money, complete waste.",negative
"Very happy with my purchase, great value.",positive
"Completely unreliable, poor design.",negative
"Great buy, will purchase again.",positive
"Disappointed, didn’t meet my expectations.",negative
"Awesome product, I’m in love with it!",positive
"Doesn’t work as promised, very frustrating.",negative
"Perfect for my needs, couldn’t be happier.",positive
"Do yourself a favor and skip this product.",negative
"Great performance, very happy.",positive
"Terrible design, very hard to use.",negative
"Highly recommend! I’m very satisfied.",positive
"Awful product, didn’t last long at all.",negative
"Love it! Works like a charm.",positive
"Do not buy, waste of money.",negative
"Impressive quality, will purchase again.",positive
"Very unhappy with the product, doesn’t work.",negative
"Fantastic purchase, highly recommend it!",positive
"Poor quality, definitely not worth it.",negative
"Exceeded my expectations, will buy again!",positive
"Very disappointing, doesn’t work as expected.",negative
"Best purchase I’ve made this year!",positive
"Horrible experience, never buying again.",negative
"Awesome quality, very happy with it!",positive
"Very low quality, would not buy again.",negative
"Highly recommend, love it!",positive
"Poor performance, very frustrating.",negative
"Perfect for what I need, will buy again.",positive
"Terrible product, broke after a few uses.",negative
"Really happy with my purchase, works great!",positive
"Very unsatisfied with this product.",negative
"Good quality, I am impressed.",positive
"Awful, doesn’t do what it promises.",negative
